{"cameraMode":{"drawMode":0,"name":"Shaded","section":"Shading Mode"},"sceneLighting":true,"audioPlay":false,"sceneViewState":{"m_AlwaysRefresh":false,"showFog":true,"showSkybox":true,"showFlares":true,"showImageEffects":true,"showParticleSystems":true,"showVisualEffectGraphs":true,"m_FxEnabled":true},"in2DMode":false,"pivot":{"x":-0.0638047456741333,"y":2.0709924697875978,"z":-7.284926414489746},"rotation":{"x":-0.033470410853624347,"y":0.3464306890964508,"z":0.01236934307962656,"w":0.9374064207077026},"size":4.360069274902344,"orthographic":false}